Tectonic regime,Onshore/Offshore,Hydrocarbon type,Reservoir status,Structural setting,Depth,Period,Lithology,Gross,Netpay,Porosity,Permeability
COMPRESSION,ONSHORE,OIL,MATURE PRODUCTION,FORELAND,15250.0,PALEOGENE,SANDSTONE,8000.0,575.0,5.0,0.1
COMPRESSION/EVAPORITE/EXTENSION/INVERSION,OFFSHORE,GAS-CONDENSATE,PLATEAU PRODUCTION,RIFT/SALT,16360.0,JURASSIC,SANDSTONE,980.0,490.0,16.0,10.0
COMPRESSION/EROSION,ONSHORE,OIL,DECLINING PRODUCTION,FORELAND,4700.0,PERMIAN,DOLOMITE,65.0,21.0,8.0,0.5
COMPRESSION/EVAPORITE/EXTENSION/GRAVITY/INVERSION,OFFSHORE,OIL,DEVELOPING,FORELAND/RIFT/SALT,8105.345849143011,CRETACEOUS,SANDSTONE,116.03725431133049,41.59577586358536,14.984042241364147,29.92021120682073
COMPRESSION/EROSION,ONSHORE,OIL,NEARLY DEPLETED,FORELAND,7600.0,CRETACEOUS,SANDSTONE,158.0,15.0,9.5,10.0
COMPRESSION,ONSHORE,OIL,PLATEAU PRODUCTION,THRUST,4199.0,NEOGENE,SANDSTONE,3281.0,81.0,19.0,102.0
EXTENSION,ONSHORE,OIL,DECLINING PRODUCTION,RIFT,3686.0,NEOGENE,SANDSTONE,790.0,88.0,33.0,1500.0
COMPRESSION/EXTENSION/INVERSION,ONSHORE,OIL,DECLINING PRODUCTION,INVERSION/RIFT,1030.0,CRETACEOUS,SANDSTONE,260.0,33.0,24.0,182.0
EVAPORITE/EXTENSION/GRAVITY,ONSHORE,OIL,DECLINING PRODUCTION,PASSIVE,1788.0,CRETACEOUS,CONGLOMERATE,380.0,350.0,15.0,60.0
EXTENSION,OFFSHORE,OIL,PLATEAU PRODUCTION,PASSIVE/RIFT,7306.0,CRETACEOUS,SANDSTONE,115.0,98.0,18.0,500.0
COMPRESSION/EROSION/EXTENSION/INVERSION/SHALE,OFFSHORE,OIL,PLATEAU PRODUCTION,BACKARC/RIFT,5691.396326052421,JURASSIC,SANDSTONE,239.58776269685364,206.04122373031464,28.0,1456.3208213334813
COMPRESSION/EVAPORITE,ONSHORE,OIL,CONTINUING DEVELOPMENT,FORELAND,10703.0,CRETACEOUS,CHALKY LIMESTONE,820.0,928.0,9.0,0.2
COMPRESSION,ONSHORE,OIL,NEARLY DEPLETED,FORELAND,2950.0,PERMIAN,DOLOMITE,400.0,100.0,9.0,5.0
COMPRESSION/EROSION,ONSHORE,GAS,MATURE PRODUCTION,FORELAND,14500.0,CARBONIFEROUS,CONGLOMERATE,46.0,23.0,13.0,0.4
EXTENSION,ONSHORE,OIL,MATURE PRODUCTION,RIFT,2116.0,CRETACEOUS,CONGLOMERATE,1476.0,180.0,15.0,30.0
COMPRESSION/EROSION,ONSHORE,GAS,DEVELOPING,FORELAND,9800.0,ORDOVICIAN,DOLOMITE,150.0,47.0,5.6,3.0
BASEMENT-I/EVAPORITE/EXTENSION/GRAVITY/INVERSION/STRIKE-SLIP/SYNSEDIMENTATION/TRANSPRESSION,OFFSHORE,OIL,PLATEAU PRODUCTION,BACKARC/INVERSION/PASSIVE,3058.6020007961865,CRETACEOUS,SANDSTONE,441.35405512998176,147.0603787441938,23.792497323119562,500.17291889740034
EXTENSION,ONSHORE,OIL,MATURE PRODUCTION,FORELAND,5900.0,DEVONIAN,DOLOMITE,730.0,130.0,5.0,0.3
COMPRESSION/EVAPORITE/EXTENSION/GRAVITY/INVERSION,OFFSHORE,OIL,MATURE PRODUCTION,INVERSION/RIFT/SALT,9422.508690582454,CRETACEOUS-PALEOGENE,CHALK,807.2215784753737,526.1078923768687,24.971868161455557,0.9249710313918184
EXTENSION/INVERSION,ONSHORE,OIL,UNKNOWN,RIFT,5193.0,CRETACEOUS-PALEOGENE,LIMESTONE,860.0,210.0,20.0,20.0
COMPRESSION,ONSHORE,GAS,UNKNOWN,INTRACRATONIC,984.0,CRETACEOUS,SILTSTONE,250.0,20.0,14.0,1.0
BASEMENT-I/EXTENSION/INVERSION/STRIKE-SLIP/TRANSPRESSION,ONSHORE,OIL,DECLINING PRODUCTION,BACKARC/INVERSION,2650.0,NEOGENE,LIMESTONE,164.0,54.0,17.0,2000.0
COMPRESSION/EVAPORITE/EXTENSION/GRAVITY/LINKED,ONSHORE,OIL,SECOND PLATEAU PRODUTION,FORELAND/SALT,5297.0,JURASSIC,LIMESTONE,84.0,15.0,18.0,30.0
COMPRESSION/EVAPORITE/EXTENSION/INVERSION,OFFSHORE,OIL,DEVELOPING,PASSIVE,3900.0,NEOGENE,SANDSTONE,820.0,125.0,27.0,2000.0
EVAPORITE/EXTENSION/GRAVITY,ONSHORE,OIL,DECLINING PRODUCTION,PASSIVE,3500.0,CRETACEOUS,SANDSTONE,51.0,37.0,25.0,2098.0
COMPRESSION,ONSHORE,GAS,DEVELOPING,THRUST,13780.0,CARBONIFEROUS,DOLOMITE,98.0,79.0,6.0,0.77
COMPRESSION/EROSION/EVAPORITE/EXTENSION/GRAVITY/INVERSION,OFFSHORE,GAS,DECLINING PRODUCTION,INVERSION/RIFT/SUB-SALT,6966.736940743365,PERMIAN,SANDSTONE,856.593724798431,695.1317638938103,14.707607819075864,2.585529398230173
EXTENSION,ONSHORE,GAS-CONDENSATE,DECLINING PRODUCTION,RIFT,7087.0,CRETACEOUS,SANDSTONE,476.0,95.0,21.5,55.0
COMPRESSION/EROSION/EXTENSION/INVERSION,OFFSHORE,OIL,UNKNOWN,RIFT,9627.919822584223,JURASSIC,SANDSTONE,282.2328401736767,98.3102204717612,13.307772993779613,76.94884069286111
COMPRESSION/EROSION/EVAPORITE/EXTENSION/INVERSION,OFFSHORE,OIL,DECLINING PRODUCTION,PASSIVE/RIFT/SUB-SALT,10405.973562148847,CARBONIFEROUS-CRETACEOUS,SANDSTONE,2670.9074675209645,970.0228663972747,13.880528757023061,352.9365839625262
COMPRESSION/EROSION,ONSHORE,OIL,DECLINING PRODUCTION,THRUST,11040.0,CRETACEOUS,SANDSTONE,620.0,115.0,8.5,2.45
EVAPORITE/EXTENSION/GRAVITY,ONSHORE,OIL,MATURE PRODUCTION,PASSIVE,8700.0,CRETACEOUS,LIMESTONE,95.0,15.0,12.0,20.0
COMPRESSION,ONSHORE,GAS-CONDENSATE,CONTINUING DEVELOPMENT,THRUST,9905.0,JURASSIC-CRETACEOUS,SANDSTONE,490.0,240.0,10.0,100.0
COMPRESSION/EVAPORITE,ONSHORE,GAS,UNDEVELOPED,INTRACRATONIC,4000.0,PROTEROZOIC,SANDSTONE,200.0,49.0,16.0,5.0
DIAPIR/EVAPORITE/EXTENSION/GRAVITY/SYNSEDIMENTATION,OFFSHORE,OIL,MATURE PRODUCTION,DELTA/PASSIVE/SALT,9910.0,NEOGENE,SANDSTONE,600.0,107.0,31.0,500.0
BASEMENT-I/COMPRESSION/EXTENSION/INVERSION/SHALE/STRIKE-SLIP/TRANSPRESSION,OFFSHORE,OIL,MATURE PRODUCTION,INVERSION/RIFT/THRUST/WRENCH,2109.6012207670738,PALEOGENE,SANDSTONE,1733.396873041676,179.90720500058922,24.267556222583462,302.05909192875856
COMPRESSION/EXTENSION/GRAVITY/SHALE/SYNSEDIMENTATION,OFFSHORE,CARBON DIOXIDE,UNDEVELOPED,BACKARC/DELTA/FORELAND,7757.001330928755,NEOGENE,LIMESTONE,5337.196626440937,2754.8729382790407,16.025092339103786,126.35951729124021
COMPRESSION/EVAPORITE/GRAVITY,OFFSHORE,OIL,PLATEAU PRODUCTION,FORELAND/SALT,7085.0,CRETACEOUS,LIMESTONE,537.0,110.0,23.0,15.0
COMPRESSION,ONSHORE,OIL,SECOND PLATEAU PRODUTION,FORELAND,5800.0,PERMIAN,DOLOMITE,1300.0,400.0,4.0,0.4
EXTENSION,ONSHORE,GAS-CONDENSATE,MATURE PRODUCTION,RIFT,10282.0,CRETACEOUS,SANDSTONE,745.0,144.0,10.0,8.0
COMPRESSION/EROSION,ONSHORE,OIL,REJUVENATING,FORELAND,1104.0,NEOGENE,THINLY-BEDDED SANDSTONE,1400.0,100.0,30.0,1000.0
COMPRESSION/EROSION/EVAPORITE/EXTENSION/INVERSION,OFFSHORE,OIL,MATURE PRODUCTION,PASSIVE/RIFT/SUB-SALT,10693.029983930077,PALEOZOIC,SANDSTONE,1317.4250401748063,741.4617303143449,15.017425040174807,110.45502410488382
COMPRESSION/EVAPORITE/EXTENSION/INVERSION,OFFSHORE,OIL,DEVELOPING,PASSIVE/RIFT,3916.46139659725,NEOGENE,SANDSTONE,871.4418643664063,170.68037555736882,29.798437421532505,2217.7019699986317
EROSION/EXTENSION,OFFSHORE,OIL,ABANDONED,RIFT,10525.0,JURASSIC,SANDSTONE,410.0,180.0,18.0,100.0
COMPRESSION/SHALE,ONSHORE,OIL,DECLINING PRODUCTION,FORELAND/SUB-THRUST/THRUST,13000.0,PALEOGENE,SANDSTONE,400.0,200.0,9.0,100.0
COMPRESSION,ONSHORE,OIL,NEARLY DEPLETED,FORELAND,4300.0,CRETACEOUS,SANDSTONE,45.0,23.0,28.5,2250.0
COMPRESSION,ONSHORE,OIL,NEARLY DEPLETED,FORELAND,6700.0,PERMIAN,DOLOMITE,2000.0,150.0,10.0,3.0
EXTENSION/LINKED/SHALE/TRANSTENSION,OFFSHORE,GAS,DEVELOPING,RIFT/WRENCH,3717.0,NEOGENE,SANDSTONE,660.0,308.0,25.0,88.3
COMPRESSION/EROSION/EXTENSION/INVERSION,OFFSHORE,GAS,DEVELOPING,RIFT,9672.863688916206,CRETACEOUS,CHALKY LIMESTONE,253.63219796241444,63.39515075931113,12.193462258275886,39.842293200587044
COMPRESSION/EVAPORITE/EXTENSION/GRAVITY/INVERSION,OFFSHORE,GAS,DEVELOPING,INVERSION/PASSIVE/RIFT/SALT,5780.016627973734,CRETACEOUS-PALEOGENE,SANDSTONE,384.48955290814416,117.7436156660881,28.93348810506453,996.6744052532265
EXTENSION/INVERSION,ONSHORE,OIL,MATURE PRODUCTION,RIFT,5430.0,PALEOGENE,LIMESTONE,300.0,120.0,22.0,1500.0
COMPRESSION,ONSHORE,OIL,DECLINING PRODUCTION,FORELAND,3250.0,PERMIAN,DOLOMITE,400.0,118.0,11.0,3.0
BASEMENT-I/EVAPORITE/EXTENSION/GRAVITY/INVERSION/STRIKE-SLIP/SYNSEDIMENTATION/TRANSPRESSION,OFFSHORE,OIL,MATURE PRODUCTION,BACKARC/INVERSION/PASSIVE,2925.1202616349674,PALEOGENE,SANDSTONE,260.97332653373974,85.73093102147152,19.463359836809754,503.7805334693252
COMPRESSION/EVAPORITE,ONSHORE,GAS,REJUVENATING,INTRACRATONIC,6560.0,CRETACEOUS,SANDSTONE,450.0,89.0,23.0,214.0
COMPRESSION/EVAPORITE/EXTENSION/GRAVITY/LINKED/SHALE/SYNSEDIMENTATION,OFFSHORE,OIL,DEVELOPING,DELTA/FORELAND/THRUST,6835.782309179064,NEOGENE,SANDSTONE,9016.846327529105,479.15553204750677,18.439955021816402,96.30167912572637
COMPRESSION,ONSHORE,OIL,MATURE PRODUCTION,FORELAND/THRUST,2300.0,CARBONIFEROUS,SANDSTONE,300.0,120.0,21.0,650.0
COMPRESSION,ONSHORE,OIL,DECLINING PRODUCTION,FORELAND,2460.0,CRETACEOUS,SANDSTONE,11.0,12.0,23.0,210.0
COMPRESSION,ONSHORE,GAS-CONDENSATE,DECLINING PRODUCTION,FORELAND,11245.0,PERMIAN,SILTSTONE,84.0,26.0,10.0,0.5
EROSION/EVAPORITE/EXTENSION/INVERSION,OFFSHORE,OIL,MATURE PRODUCTION,RIFT/SUB-SALT,10642.679745624007,PALEOZOIC,SANDSTONE,1140.6127120254655,661.9856739258951,14.44528786087749,185.0558613321182
COMPRESSION/EROSION,ONSHORE,OIL,DECLINING PRODUCTION,FORELAND,2950.0,CRETACEOUS,SANDSTONE,72.5,36.5,27.0,1000.0
COMPRESSION/EROSION/EVAPORITE/EXTENSION/GRAVITY/INVERSION,OFFSHORE,OIL,MATURE PRODUCTION,INVERSION/RIFT/SUB-SALT,6997.7890486503475,PERMIAN,SANDSTONE,906.1908415943052,753.3544662194017,16.43272492501931,3.555907770323363
EVAPORITE/EXTENSION/GRAVITY/SYNSEDIMENTATION,ONSHORE,OIL,UNKNOWN,PASSIVE/SALT,12229.0,JURASSIC,LIMESTONE,250.0,38.0,11.0,61.0
COMPRESSION/EXTENSION/LINKED,ONSHORE,OIL,ABANDONED,FORELAND/THRUST,4000.0,CARBONIFEROUS,SANDSTONE,250.0,110.0,17.0,150.0
COMPRESSION/EROSION/EVAPORITE/EXTENSION/INVERSION,OFFSHORE,OIL,DECLINING PRODUCTION,PASSIVE/RIFT/SUB-SALT,10429.537667759894,CARBONIFEROUS-CRETACEOUS,SANDSTONE,2753.3818371596267,1127.9023739912857,13.409246644802131,275.76413808634913
COMPRESSION/EXTENSION/INVERSION,OFFSHORE,OIL,PLATEAU PRODUCTION,PASSIVE/RIFT,7298.441480383367,CRETACEOUS,SANDSTONE,137.11566850792588,108.07802615551051,18.559890341972807,479.00411217601976
COMPRESSION,ONSHORE,OIL,DECLINING PRODUCTION,FORELAND,4150.0,PERMIAN,DOLOMITE,225.0,200.0,17.5,62.0
BASEMENT-I/EVAPORITE/EXTENSION/GRAVITY/INVERSION/STRIKE-SLIP/SYNSEDIMENTATION/TRANSPRESSION,OFFSHORE,OIL,MATURE PRODUCTION,BACKARC/INVERSION/PASSIVE,2922.648609348671,PALEOGENE,SANDSTONE,257.63325587658244,84.59530699803804,19.38319814103798,503.8473348824684
COMPRESSION/EVAPORITE/EXTENSION/INVERSION,OFFSHORE,OIL,MATURE PRODUCTION,INVERSION/RIFT/SALT,10744.0,JURASSIC,SANDSTONE,410.0,377.0,16.5,300.0
EXTENSION/GRAVITY/SHALE/SYNSEDIMENTATION,OFFSHORE,OIL,DECLINING PRODUCTION,DELTA/FORELAND,1180.0,NEOGENE,SANDSTONE,6739.0,500.0,23.0,250.0
COMPRESSION/EROSION/EXTENSION/INVERSION,OFFSHORE,OIL,DECLINING PRODUCTION,INVERSION/RIFT,7677.0,CRETACEOUS,SANDSTONE,138.0,125.0,20.0,1200.0
COMPRESSION/EVAPORITE/EXTENSION/GRAVITY,OFFSHORE,OIL,DEPLETED,FORELAND/RIFT/SALT,7040.772023587068,PERMIAN,DOLOMITE,33.56939699506853,33.41420582136989,13.372458816876716,52.286120600986294
DIAPIR/EROSION/EVAPORITE/EXTENSION/GRAVITY/SYNSEDIMENTATION,OFFSHORE,OIL,DECLINING PRODUCTION,DELTA/PASSIVE/RIFT/SALT,8508.250072540499,JURASSIC,SANDSTONE,417.4407401237371,268.7326467995695,22.956653269173344,800.0
COMPRESSION/EVAPORITE/EXTENSION/LINKED,ONSHORE,OIL,DECLINING PRODUCTION,FORELAND/SALT,7850.0,CRETACEOUS,LIMESTONE,274.0,250.0,30.0,20.0
COMPRESSION,ONSHORE,OIL,MATURE PRODUCTION,FORELAND,4000.0,CRETACEOUS,SANDSTONE,50.0,19.3,13.9,24.0
COMPRESSION,ONSHORE,OIL,DECLINING PRODUCTION,FORELAND/PASSIVE,5700.0,DEVONIAN,SANDSTONE,80.0,13.0,13.0,230.0
EVAPORITE/EXTENSION/GRAVITY/SYNSEDIMENTATION,ONSHORE,GAS,DECLINING PRODUCTION,PASSIVE/SALT,11900.0,JURASSIC,CHALKY LIMESTONE,350.0,72.0,10.0,0.09
BASEMENT-I/COMPRESSION/EXTENSION/INVERSION/STRIKE-SLIP/TRANSPRESSION,OFFSHORE,GAS-CONDENSATE,PLATEAU PRODUCTION,BACKARC/INVERSION/WRENCH,3265.8422757105545,NEOGENE,SANDSTONE,2937.8165216641573,169.16845514211093,21.016630897157782,103.45627658657244
COMPRESSION/EROSION,ONSHORE,OIL,PLATEAU PRODUCTION,FORELAND,6880.0,JURASSIC,SANDSTONE,112.0,63.0,14.5,64.2
EVAPORITE/EXTENSION/GRAVITY,OFFSHORE,OIL,DECLINING PRODUCTION,PASSIVE/RIFT/SALT,9951.698777673515,JURASSIC,SANDSTONE,389.03030015279694,233.67255194233428,17.29986418594613,132.49660464865332
EXTENSION,ONSHORE,OIL,MATURE PRODUCTION,RIFT,5384.0,PALEOGENE,SANDSTONE,230.0,69.0,26.7,1872.0
BASEMENT-I/EXTENSION/GRAVITY/SHALE/STRIKE-SLIP/SYNSEDIMENTATION/TRANSPRESSION,OFFSHORE,OIL,DECLINING PRODUCTION,DELTA/INVERSION/WRENCH,6639.1769400871535,NEOGENE,SANDSTONE,363.51933012621186,171.3531989812673,20.40520011319252,173.51933012621186
EVAPORITE/EXTENSION/GRAVITY/SYNSEDIMENTATION,ONSHORE,OIL,NEARLY DEPLETED,PASSIVE/SUB-SALT,15295.0,JURASSIC,DOLOMITE,350.0,100.0,14.0,35.0
DIAPIR/EVAPORITE/EXTENSION/GRAVITY/SYNSEDIMENTATION,OFFSHORE,OIL,NEARLY DEPLETED,DELTA/PASSIVE/RIFT/SALT,8017.0592927910075,JURASSIC,SANDSTONE,468.27724388699886,276.9177396006495,24.0,1065.5448777399777
COMPRESSION/EXTENSION/INVERSION,OFFSHORE,OIL,MATURE PRODUCTION,INVERSION/RIFT,2600.0,PALEOGENE-NEOGENE,SANDSTONE,5800.0,188.0,23.0,180.0
COMPRESSION/EROSION,ONSHORE,OIL,MATURE PRODUCTION,FORELAND,13250.0,CRETACEOUS,SANDSTONE,250.0,23.0,14.0,60.0
EXTENSION,ONSHORE,OIL,NEARLY DEPLETED,RIFT,4829.0,ARCHEAN,BASEMENT,656.0,190.0,1.8,7.8
EVAPORITE/EXTENSION/GRAVITY/SYNSEDIMENTATION,ONSHORE,OIL,NEARLY DEPLETED,PASSIVE/SALT,4059.0,CRETACEOUS,SANDSTONE,275.0,44.0,25.0,2460.0
BASEMENT-I/EXTENSION/GRAVITY/SHALE/STRIKE-SLIP/SYNSEDIMENTATION/TRANSPRESSION,OFFSHORE,OIL,DECLINING PRODUCTION,DELTA/INVERSION/WRENCH,6643.220767739476,NEOGENE,SANDSTONE,361.59907677175715,170.74323615102873,20.47297376099681,171.59907677175715
COMPRESSION/EXTENSION/LINKED,ONSHORE,OIL,MATURE PRODUCTION,FORELAND/THRUST,4350.0,CARBONIFEROUS,DOLOMITE,780.0,205.0,12.0,7.0
COMPRESSION,ONSHORE,GAS-CONDENSATE,DECLINING PRODUCTION,SUB-THRUST,13300.0,CARBONIFEROUS,DOLOMITE,750.0,261.0,7.0,1.0
EVAPORITE/EXTENSION/GRAVITY,ONSHORE,GAS-CONDENSATE,NEARLY DEPLETED,DELTA/PASSIVE/SALT,6270.0,PALEOGENE,SANDSTONE,1350.0,335.0,28.0,275.0
EVAPORITE/EXTENSION/GRAVITY/SYNSEDIMENTATION,OFFSHORE,OIL,DECLINING PRODUCTION,DELTA/PASSIVE/SUB-SALT,13265.0,NEOGENE,LOW-RESISTIVITY SANDSTONE,1500.0,295.0,29.0,1500.0
COMPRESSION/EVAPORITE,ONSHORE,OIL,DEVELOPING,FORELAND/SUB-SALT,9580.0,CARBONIFEROUS,LIMESTONE,607.0,108.0,10.0,20.0
DIAPIR/EVAPORITE/EXTENSION/GRAVITY/SYNSEDIMENTATION,OFFSHORE,OIL,NEARLY DEPLETED,DELTA/PASSIVE/RIFT/SALT,7998.062566477555,JURASSIC,SANDSTONE,470.99106193177784,318.52961628726,24.0,1119.8212386355565
EROSION/EVAPORITE/EXTENSION/GRAVITY,OFFSHORE,OIL,DEVELOPING,RIFT/SUB-SALT,5590.0,CRETACEOUS,SANDSTONE,47.0,36.0,30.0,1550.0
COMPRESSION/EROSION/EXTENSION/INVERSION,OFFSHORE,OIL,UNKNOWN,RIFT,9961.986326006267,JURASSIC,SANDSTONE,144.5373786755908,118.24293819595542,16.50683699686698,127.20830359726531
COMPRESSION/EXTENSION/GRAVITY/LINKED/SHALE,OFFSHORE,OIL,DEVELOPING,DELTA/PASSIVE,4400.0,NEOGENE,SANDSTONE,190.0,100.0,27.0,2000.0
COMPRESSION/EXTENSION/GRAVITY/INVERSION/SHALE/SYNSEDIMENTATION,OFFSHORE,OIL,DECLINING PRODUCTION,BACKARC/DELTA/FORELAND/INVERSION,801.9552341730637,NEOGENE,SANDSTONE,5676.639418929813,445.2109035033426,24.09578192993315,386.9727412416436
EXTENSION,OFFSHORE,OIL,MATURE PRODUCTION,RIFT,8981.0,JURASSIC,SANDSTONE,210.0,113.0,10.0,20.0
COMPRESSION,ONSHORE,OIL,NEARLY DEPLETED,FORELAND,4250.0,PERMIAN,DOLOMITE,237.0,150.0,10.0,10.0
COMPRESSION/EXTENSION/INVERSION,ONSHORE,OIL,PLATEAU PRODUCTION,INTRACRATONIC,5392.0,JURASSIC,SANDSTONE,600.0,50.0,18.0,1000.0
COMPRESSION/EROSION,ONSHORE,GAS,MATURE PRODUCTION,FORELAND,7700.0,DEVONIAN,DOLOMITE,100.0,67.6,6.1,5.2
COMPRESSION,ONSHORE,OIL,CONTINUING DEVELOPMENT,INTRACRATONIC,7677.0,CRETACEOUS,SANDSTONE,1300.0,140.0,19.0,3.6
EVAPORITE/EXTENSION/GRAVITY,OFFSHORE,OIL,MATURE PRODUCTION,PASSIVE/RIFT/SALT,9957.811047125873,CRETACEOUS,LIMESTONE,404.19778360865064,204.24310643097633,17.979005236208238,149.47513090520596
COMPRESSION/EVAPORITE/EXTENSION/GRAVITY/INVERSION,OFFSHORE,GAS,DECLINING PRODUCTION,INVERSION/SUB-SALT,6900.0,PERMIAN,SANDSTONE,750.0,570.0,11.0,0.5
COMPRESSION/EVAPORITE/EXTENSION/GRAVITY/INVERSION,OFFSHORE,GAS,NEARLY DEPLETED,INVERSION/SUB-SALT,7400.0,PERMIAN,SANDSTONE,200.0,197.0,15.0,30.0
COMPRESSION/EROSION,ONSHORE,OIL,REJUVENATING,SUB-THRUST,6970.0,TRIASSIC,CONGLOMERATE,525.0,100.0,12.2,71.2
STRIKE-SLIP/TRANSPRESSION,ONSHORE,GAS,PLATEAU PRODUCTION,INTRACRATONIC,500.0,DEVONIAN,SHALE,100.0,80.0,4.0,10.0
COMPRESSION/EXTENSION/INVERSION,OFFSHORE,OIL,MATURE PRODUCTION,FOREARC/INVERSION/RIFT,8901.384246639904,JURASSIC,SANDSTONE,324.86849987277503,183.10939474993512,10.396098275423363,61.59031891945304
COMPRESSION/EXTENSION/INVERSION,ONSHORE,OIL,DECLINING PRODUCTION,INVERSION/RIFT,2734.0,CRETACEOUS,THINLY-BEDDED SANDSTONE,600.0,100.0,26.0,1500.0
COMPRESSION/EXTENSION/INVERSION,OFFSHORE,OIL,DECLINING PRODUCTION,RIFT,7252.0,JURASSIC,SANDSTONE,273.0,170.0,22.0,350.0
COMPRESSION/EXTENSION/INVERSION,ONSHORE,OIL,DECLINING PRODUCTION,RIFT,2873.0,PALEOGENE,SANDSTONE,148.0,33.0,30.0,5000.0
TRANSPRESSION/UPLIFT,ONSHORE,GAS,UNDEVELOPED,PASSIVE,8200.0,TRIASSIC,SANDSTONE,1640.0,123.0,17.0,28.0
COMPRESSION,ONSHORE,OIL,NEARLY DEPLETED,FORELAND,9530.0,DEVONIAN,LIMESTONE,257.0,56.0,7.4,24.0
EROSION/EXTENSION,OFFSHORE,OIL,MATURE PRODUCTION,RIFT,7044.0,PERMIAN,SANDSTONE,980.0,840.0,19.0,5.0
COMPRESSION/EVAPORITE/EXTENSION/GRAVITY/INVERSION/LINKED/SHALE,OFFSHORE,OIL,DEVELOPING,DELTA/PASSIVE,4243.3908340270245,NEOGENE,SANDSTONE,387.3275491259491,107.83045829864878,27.0,2000.0
COMPRESSION/EVAPORITE,ONSHORE,OIL,DECLINING PRODUCTION,FORELAND/SALT,4440.0,CRETACEOUS,CHALK,350.0,300.0,28.0,5.0
BASEMENT-I/COMPRESSION/EXTENSION/INVERSION/STRIKE-SLIP/TRANSPRESSION,OFFSHORE,GAS-CONDENSATE,PLATEAU PRODUCTION,BACKARC/INVERSION/WRENCH,3080.7739048619787,NEOGENE,SANDSTONE,3285.7450588594793,132.1547809723958,21.756904380552083,146.02200188174484
EXTENSION,OFFSHORE,GAS,PLATEAU PRODUCTION,RIFT,11270.0,PALEOGENE,SANDSTONE,686.0,308.0,12.68,281.0
COMPRESSION/EVAPORITE/EXTENSION,ONSHORE,OIL,NEARLY DEPLETED,INTRACRATONIC,5430.0,CARBONIFEROUS,DOLOMITE,60.0,50.0,11.0,2.8
COMPRESSION/EVAPORITE/EXTENSION/GRAVITY/INVERSION/LINKED/SHALE,OFFSHORE,OIL,DEVELOPING,DELTA/PASSIVE,4267.634917858275,NEOGENE,SANDSTONE,356.78000349857325,106.61825410708624,27.0,2000.0
COMPRESSION/EVAPORITE/EXTENSION/INVERSION,OFFSHORE,OIL,DEVELOPING,PASSIVE/RIFT,3918.519099144969,NEOGENE,SANDSTONE,877.8721848280276,176.39050012728845,30.148246854644697,2244.9150861922126
EROSION/EVAPORITE/EXTENSION,OFFSHORE,OIL,MATURE PRODUCTION,RIFT/SUB-SALT,7051.307554029862,PERMIAN,SANDSTONE,1030.8351584686081,785.9876441271037,18.8411401297856,67.74964873468821
COMPRESSION/EVAPORITE/EXTENSION/GRAVITY/LINKED,ONSHORE,GAS,UNKNOWN,FORELAND/SALT,8943.0,PERMIAN,DOLOMITE,2100.0,445.0,11.0,25.0
COMPRESSION,ONSHORE,OIL,MATURE PRODUCTION,INTRACRATONIC,3275.0,TRIASSIC,SANDSTONE,43.0,15.5,14.0,13.5
EVAPORITE/EXTENSION/GRAVITY,OFFSHORE,OIL,NEARLY DEPLETED,RIFT/SALT,11787.0,JURASSIC,THINLY-BEDDED SANDSTONE,650.0,390.0,20.0,350.0
COMPRESSION,ONSHORE,OIL,NEARLY DEPLETED,FORELAND,2650.0,PERMIAN,SANDSTONE,47.0,25.0,21.0,18.0
COMPRESSION/EROSION/EXTENSION/INVERSION,ONSHORE,OIL,UNKNOWN,FORELAND,3020.0,CARBONIFEROUS,SANDSTONE,90.0,47.0,16.8,50.0
COMPRESSION/EVAPORITE,ONSHORE,OIL,DECLINING PRODUCTION,FORELAND/SALT,6580.0,CRETACEOUS,LIMESTONE,650.0,200.0,21.5,100.0
EXTENSION,OFFSHORE,OIL,NEARLY DEPLETED,RIFT,8988.0,JURASSIC,SANDSTONE,425.0,300.0,22.0,750.0
EVAPORITE/EXTENSION/GRAVITY,ONSHORE,OIL,NEARLY DEPLETED,RIFT,2421.0,PALEOGENE,SANDSTONE,5900.0,28.0,18.3,386.0
COMPRESSION/EXTENSION/INVERSION,OFFSHORE,OIL,MATURE PRODUCTION,BACKARC/INVERSION/RIFT,2315.3958975477844,NEOGENE,LOW-RESISTIVITY SANDSTONE,1237.8739239244683,231.70379422284933,25.325512806526923,270.99705068065776
COMPRESSION,ONSHORE,OIL,DECLINING PRODUCTION,INTRACRATONIC,1915.0,CARBONIFEROUS,LIMESTONE,330.0,20.0,10.0,35.0
COMPRESSION/EROSION/EVAPORITE/EXTENSION/GRAVITY/INVERSION,OFFSHORE,GAS,DECLINING PRODUCTION,INVERSION/RIFT/SUB-SALT,6954.891566698844,PERMIAN,SANDSTONE,837.6740301439879,672.9216875603336,14.049531483269142,2.215361459338893
EROSION/EXTENSION,OFFSHORE,OIL,UNKNOWN,RIFT,9600.0,JURASSIC,SANDSTONE,300.0,120.0,14.0,100.0
COMPRESSION/EVAPORITE/EXTENSION/GRAVITY,ONSHORE,OIL,NEARLY DEPLETED,INTRACRATONIC/SUB-SALT,7290.0,CARBONIFEROUS,DOLOMITE,430.0,225.0,5.5,22.0
COMPRESSION,ONSHORE,OIL,REJUVENATING,INTRACRATONIC,8350.0,CARBONIFEROUS,LIMESTONE,120.0,20.0,6.0,1.0
COMPRESSION/EROSION/EVAPORITE/EXTENSION/INVERSION,OFFSHORE,OIL,ABANDONED,INVERSION/RIFT/SALT,10573.456528055249,JURASSIC,SANDSTONE,410.0,223.5887489812052,17.668105972224325,144.25253703675656
COMPRESSION/EVAPORITE,ONSHORE,OIL,CONTINUING DEVELOPMENT,FORELAND,10211.0,CRETACEOUS,CHALKY LIMESTONE,328.0,213.0,13.0,0.8
BASEMENT-I/COMPRESSION/STRIKE-SLIP/TRANSPRESSION,ONSHORE,OIL,REJUVENATING,THRUST/WRENCH,758.0,CRETACEOUS,SANDSTONE,135.0,59.0,28.0,240.0
COMPRESSION/EVAPORITE/EXTENSION/GRAVITY/INVERSION,OFFSHORE,OIL,PLATEAU PRODUCTION,INVERSION/RIFT/SALT,7638.9377102697945,CRETACEOUS,CHALK,490.430182519671,402.64757625662537,32.43520101975303,35.85534653926003
EVAPORITE/EXTENSION/GRAVITY,ONSHORE,GAS,PLATEAU PRODUCTION,PASSIVE,8200.0,JURASSIC,SANDSTONE,1500.0,150.0,7.0,0.04
BASEMENT-I/EVAPORITE/SHALE/STRIKE-SLIP/TRANSTENSION,ONSHORE,GAS,DECLINING PRODUCTION,DELTA/WRENCH,10499.0,NEOGENE,SANDSTONE,509.0,410.0,20.0,300.0
COMPRESSION/EROSION/EXTENSION/INVERSION,OFFSHORE,OIL,UNKNOWN,RIFT,9609.5399291613,JURASSIC,SANDSTONE,293.92913598826436,112.58881536229678,13.7634728307116,92.12364526269626
BASEMENT-I/EXTENSION/INVERSION/STRIKE-SLIP/TRANSPRESSION,ONSHORE,OIL,DECLINING PRODUCTION,BACKARC/INVERSION,4150.0,NEOGENE,SANDSTONE,350.0,200.0,17.0,393.0
COMPRESSION/EROSION,ONSHORE,OIL,MATURE PRODUCTION,FORELAND,3050.0,CRETACEOUS,SANDSTONE,165.0,35.0,25.0,2000.0
COMPRESSION/EVAPORITE/GRAVITY,ONSHORE,OIL,DECLINING PRODUCTION,FORELAND,5866.0,DEVONIAN,LIMESTONE,756.0,400.0,11.8,37.0
COMPRESSION/EVAPORITE,ONSHORE,OIL,NEARLY DEPLETED,FORELAND,5800.0,CARBONIFEROUS,SANDSTONE,66.0,33.0,20.0,460.0
COMPRESSION,ONSHORE,OIL,DECLINING PRODUCTION,FORELAND,4250.0,PERMIAN,DOLOMITE,370.0,150.0,12.0,17.0
COMPRESSION/EROSION/EVAPORITE/EXTENSION/INVERSION,OFFSHORE,OIL,MATURE PRODUCTION,INVERSION/RIFT/SALT,10738.077099936125,JURASSIC,SANDSTONE,423.66136245888987,381.01804778202643,16.4107100492883,300.89289950711697
COMPRESSION,ONSHORE,OIL,REJUVENATING,INTRACRATONIC,7610.0,JURASSIC,SANDSTONE,300.0,200.0,17.0,20.0
COMPRESSION/EVAPORITE/EXTENSION/GRAVITY/INVERSION/SYNSEDIMENTATION,OFFSHORE,GAS-CONDENSATE,DECLINING PRODUCTION,PASSIVE/RIFT/SALT,14318.181922514384,JURASSIC,SANDSTONE,328.4064640005819,127.5401130890814,20.941175120402093,381.03733176837534
DIAPIR/EVAPORITE/EXTENSION/GRAVITY/SYNSEDIMENTATION,OFFSHORE,OIL,MATURE PRODUCTION,DELTA/PASSIVE/SALT,9954.667721982207,CRETACEOUS,LIMESTONE,464.4295455627733,148.5331450010001,21.596269056377338,245.31562027688625
BASEMENT-I/EVAPORITE/EXTENSION/GRAVITY/SHALE/STRIKE-SLIP/TRANSTENSION,OFFSHORE,OIL,NEARLY DEPLETED,DELTA/RIFT/SALT/WRENCH,11958.207057669128,JURASSIC,THINLY-BEDDED SANDSTONE,558.5759990556231,316.4633035882186,21.277664609471106,361.35701875085425
COMPRESSION/EVAPORITE/EXTENSION/GRAVITY/INVERSION,OFFSHORE,OIL,PLATEAU PRODUCTION,INVERSION/PASSIVE/RIFT/SALT,5666.277470314792,CRETACEOUS-PALEOGENE,CHALK,572.1340296254244,217.70722370033954,26.557319407491512,385.623260989967
EVAPORITE/EXTENSION,OFFSHORE,OIL,DECLINING PRODUCTION,RIFT,9940.0,JURASSIC,SANDSTONE,360.0,290.0,16.0,100.0
COMPRESSION,ONSHORE,OIL,DECLINING PRODUCTION,INTRACRATONIC,7529.0,CRETACEOUS,SANDSTONE,52.0,19.0,20.0,170.0
COMPRESSION,ONSHORE,OIL,NEARLY DEPLETED,FORELAND,4921.0,CRETACEOUS,SANDSTONE,115.0,10.0,13.2,190.0
COMPRESSION/EROSION/EXTENSION/GRAVITY/INVERSION/SHALE,OFFSHORE,OIL,DECLINING PRODUCTION,DELTA/INVERSION/PASSIVE/RIFT,7702.649330162006,CRETACEOUS,SANDSTONE,132.0040526894012,118.75422155145957,20.666216367844314,1266.6216367844313
COMPRESSION/EROSION/EXTENSION/INVERSION,OFFSHORE,OIL,UNKNOWN,RIFT,9962.443052752613,JURASSIC,SANDSTONE,139.11374856271414,114.30367000870817,16.278473623693227,116.07558915504481
COMPRESSION/EVAPORITE,ONSHORE,OIL,DECLINING PRODUCTION,FORELAND/INVERSION,3493.0,DEVONIAN,LIMESTONE,980.0,200.0,12.0,200.0
COMPRESSION/EVAPORITE,ONSHORE,OIL,DEVELOPING,FORELAND/SUB-SALT,12746.0,CARBONIFEROUS-PERMIAN,LIMESTONE,3500.0,1500.0,6.0,6.0
BASEMENT-I/STRIKE-SLIP/TRANSPRESSION,ONSHORE,OIL,MATURE PRODUCTION,RIFT/WRENCH,2950.0,PALEOGENE,SANDSTONE,670.0,0.0,21.0,250.0
COMPRESSION/EXTENSION/INVERSION,OFFSHORE,OIL,NEARLY DEPLETED,FOREARC/INVERSION,8780.0,PALEOGENE,CONGLOMERATE,500.0,290.0,11.0,125.0
EROSION/EXTENSION,OFFSHORE,OIL,DECLINING PRODUCTION,RIFT,5040.0,JURASSIC,SANDSTONE,980.0,525.0,30.0,1000.0
EROSION/EXTENSION,OFFSHORE,OIL,DECLINING PRODUCTION,RIFT,10130.0,JURASSIC,SANDSTONE,100.0,60.0,18.0,3000.0
COMPRESSION,ONSHORE,OIL,MATURE PRODUCTION,INTRACRATONIC,3310.0,CARBONIFEROUS,DOLOMITIC LIMESTONE,120.0,17.8,10.0,2.6
EROSION/EXTENSION,OFFSHORE,OIL,DECLINING PRODUCTION,RIFT,6348.0,JURASSIC,SANDSTONE,123.0,82.0,27.0,80.0
BASEMENT-I/EVAPORITE/EXTENSION/GRAVITY/SHALE/STRIKE-SLIP/TRANSTENSION,OFFSHORE,GAS-CONDENSATE,DEVELOPING,DELTA/RIFT/SALT/WRENCH,12369.966901684495,NEOGENE,SANDSTONE,338.69760805570905,139.6045977839399,24.3504992663022,388.6711045893529
EVAPORITE/EXTENSION/GRAVITY/SYNSEDIMENTATION,ONSHORE,OIL,NEARLY DEPLETED,PASSIVE/SALT,6056.0,CRETACEOUS,SANDSTONE,400.0,35.0,22.0,600.0
COMPRESSION,ONSHORE,OIL,SECOND PLATEAU PRODUTION,INTRACRATONIC,4400.0,CARBONIFEROUS,DOLOMITE,64.0,32.0,20.0,3.5
COMPRESSION,ONSHORE,GAS,DECLINING PRODUCTION,FORELAND/SUB-THRUST,4800.0,CRETACEOUS-PALEOGENE,SANDSTONE,4600.0,550.0,17.0,3.0
EXTENSION,OFFSHORE,OIL,PLATEAU PRODUCTION,RIFT,3940.0,NEOGENE,SANDSTONE,945.0,236.0,33.8,2529.0
EXTENSION/GRAVITY/SHALE/SYNSEDIMENTATION,OFFSHORE,OIL,DECLINING PRODUCTION,DELTA/FORELAND,5070.0,NEOGENE,SANDSTONE,5350.0,1466.0,22.0,280.0
EROSION/EXTENSION/GRAVITY/SHALE,OFFSHORE,OIL,DECLINING PRODUCTION,DELTA/PASSIVE/RIFT,8652.821762881622,NEOGENE,SANDSTONE,76.5855197846038,53.1133881719423,24.886611828057703,2311.3388171942297
COMPRESSION/EXTENSION/INVERSION/SHALE,OFFSHORE,OIL,DECLINING PRODUCTION,BACKARC/INVERSION,490.0,NEOGENE,SANDSTONE,4800.0,400.0,25.0,500.0
BASEMENT-I/STRIKE-SLIP,ONSHORE,OIL,REJUVENATING,FORELAND/WRENCH,6950.0,PALEOGENE,SANDSTONE,235.0,126.0,24.0,1450.0
COMPRESSION/EVAPORITE,ONSHORE,GAS,UNKNOWN,FORELAND/SUB-SALT,4232.0,CARBONIFEROUS-PERMIAN,LIMESTONE,1360.0,563.0,11.0,2.0
COMPRESSION/EVAPORITE/EXTENSION/GRAVITY/LINKED,ONSHORE,OIL,UNKNOWN,FORELAND/SALT,6721.0,JURASSIC,LIMESTONE,120.0,75.0,18.0,15.0
COMPRESSION/EVAPORITE,ONSHORE,OIL,REJUVENATING,FORELAND/SALT,3550.0,CRETACEOUS,LOW-RESISTIVITY SANDSTONE,1350.0,900.0,24.0,1000.0
DIAPIR/EVAPORITE/EXTENSION/GRAVITY/SYNSEDIMENTATION,OFFSHORE,OIL,MATURE PRODUCTION,DELTA/PASSIVE/SALT,9960.187125687398,CRETACEOUS,LIMESTONE,447.677671159301,153.66522213038758,20.434289328968855,213.84533599290648
COMPRESSION/EXTENSION/INVERSION,OFFSHORE,OIL,MATURE PRODUCTION,BACKARC/INVERSION/RIFT,2340.0337698251374,PALEOGENE,SANDSTONE,1424.5058064254147,88.8041350142039,22.245778771857843,138.5684871898872
EVAPORITE/EXTENSION/GRAVITY,OFFSHORE,OIL,PLATEAU PRODUCTION,PASSIVE/SALT,5543.0,PALEOGENE-NEOGENE,SANDSTONE,150.0,150.0,28.5,2000.0
DIAPIR/EVAPORITE/EXTENSION/GRAVITY/SYNSEDIMENTATION,ONSHORE,GAS-CONDENSATE,DECLINING PRODUCTION,PASSIVE/SALT,18050.0,JURASSIC,SANDSTONE,350.0,200.0,10.4,0.5
COMPRESSION/EXTENSION/INVERSION,ONSHORE,OIL,DEVELOPING,INVERSION/RIFT,5216.0,PROTEROZOIC,SANDSTONE,200.0,25.0,10.0,209.0
COMPRESSION/EROSION/EVAPORITE/EXTENSION/INVERSION,OFFSHORE,GAS,UNDEVELOPED,PASSIVE/RIFT/SUB-SALT,10380.66891874099,TRIASSIC,SANDSTONE,2582.341215593463,800.4817555646289,14.386621625180211,435.80929112325975
COMPRESSION/EVAPORITE,ONSHORE,GAS,DECLINING PRODUCTION,INTRACRATONIC,5656.0,ORDOVICIAN,SANDSTONE,2300.0,174.0,4.0,0.01
EROSION/EXTENSION,OFFSHORE,OIL,PLATEAU PRODUCTION,RIFT,5692.0,JURASSIC,SANDSTONE,230.0,207.0,28.0,1450.0
COMPRESSION/EROSION/EXTENSION/GRAVITY/INVERSION/SHALE,OFFSHORE,OIL,DECLINING PRODUCTION,DELTA/INVERSION/PASSIVE/RIFT,7679.341909142301,CRETACEOUS,SANDSTONE,137.45254071998156,124.42972991664745,20.06082880889094,1206.0828808890938
COMPRESSION,ONSHORE,OIL,DECLINING PRODUCTION,INTRACRATONIC,5577.0,CRETACEOUS,SANDSTONE,3150.0,429.0,23.6,187.0
COMPRESSION,ONSHORE,OIL,NEARLY DEPLETED,FORELAND,11290.0,PERMIAN,SANDSTONE,140.0,30.0,13.0,30.0
COMPRESSION/EXTENSION/INVERSION,OFFSHORE,OIL,NEARLY DEPLETED,FOREARC/INVERSION/RIFT,8835.821430817488,PALEOGENE,CONGLOMERATE,419.4616172285006,240.84381465325725,10.722281438718968,95.83955106549159
BASEMENT-I/EVAPORITE/EXTENSION/GRAVITY/INVERSION/STRIKE-SLIP/SYNSEDIMENTATION/TRANSPRESSION,OFFSHORE,OIL,MATURE PRODUCTION,BACKARC/INVERSION/PASSIVE,2926.2501389775316,PALEOGENE,SANDSTONE,262.5001878074749,86.25006385454147,19.500004507379398,503.7499962438505
EXTENSION,OFFSHORE,GAS-CONDENSATE,DECLINING PRODUCTION,RIFT,11325.927845977481,CRETACEOUS,SANDSTONE,398.67069129069193,176.5695619529199,14.301907533346945,112.51736399283882
COMPRESSION/EVAPORITE,ONSHORE,GAS,REJUVENATING,FORELAND,10470.0,CRETACEOUS,SANDSTONE,148.0,106.0,21.8,222.0
EVAPORITE/EXTENSION/GRAVITY/SYNSEDIMENTATION,OFFSHORE,OIL,PLATEAU PRODUCTION,PASSIVE,2865.0,CRETACEOUS,SANDSTONE,550.0,175.0,25.0,1000.0
COMPRESSION,ONSHORE,OIL,DECLINING PRODUCTION,THRUST,5084.0,CRETACEOUS,SANDSTONE,328.0,300.0,13.0,600.0
COMPRESSION/EVAPORITE/EXTENSION/GRAVITY/INVERSION,OFFSHORE,OIL,DECLINING PRODUCTION,FORELAND/INVERSION/SUB-SALT,7471.152356295147,JURASSIC,LIMESTONE,249.806649406603,192.0193350593397,16.423047125902944,44.23047125902943
COMPRESSION/EXTENSION/INVERSION,OFFSHORE,OIL,DEVELOPING,RIFT,8100.0,CRETACEOUS,SANDSTONE,115.0,40.0,15.0,30.0
COMPRESSION,ONSHORE,METHANE HYDRATE,REJUVENATING,INTRACRATONIC,2756.0,CRETACEOUS,SANDSTONE,2460.0,66.0,25.0,125.0
COMPRESSION/EROSION,ONSHORE,OIL,PLATEAU PRODUCTION,FORELAND,1900.0,CRETACEOUS,SANDSTONE,90.0,50.0,34.0,2000.0
EXTENSION,ONSHORE,OIL,MATURE PRODUCTION,INTRACRATONIC,9450.0,CARBONIFEROUS,DOLOMITE,100.0,18.0,17.0,20.0
EVAPORITE/EXTENSION/GRAVITY/SYNSEDIMENTATION,ONSHORE,OIL,NEARLY DEPLETED,PASSIVE/SALT,10040.0,JURASSIC,LIMESTONE,75.0,27.0,12.0,200.0
EXTENSION/GRAVITY/SHALE,ONSHORE,GAS,DECLINING PRODUCTION,DELTA/PASSIVE,9875.0,PALEOGENE,SANDSTONE,3000.0,650.0,16.0,0.6
COMPRESSION,ONSHORE,OIL,NEARLY DEPLETED,FORELAND,9600.0,PERMIAN,LIMESTONE,120.0,35.0,9.0,124.0
COMPRESSION/EVAPORITE,ONSHORE,GAS,NEARLY DEPLETED,FORELAND,4400.0,CARBONIFEROUS,LIMESTONE,390.0,110.0,5.4,200.0
COMPRESSION,ONSHORE,GAS,PLATEAU PRODUCTION,INTRACRATONIC,3280.0,CRETACEOUS,SANDSTONE,2460.0,144.0,27.0,450.0
COMPRESSION/EXTENSION/INVERSION,OFFSHORE,OIL,DECLINING PRODUCTION,PASSIVE/RIFT,1742.7480732796444,CRETACEOUS,LOW-RESISTIVITY SANDSTONE,193.33387876977756,103.18319496828336,32.06760689089065,7313.292302990315
EXTENSION,ONSHORE,OIL,MATURE PRODUCTION,RIFT,11175.0,CRETACEOUS,LOW-RESISTIVITY SANDSTONE,115.0,46.0,12.0,15.0
COMPRESSION,ONSHORE,OIL,NEARLY DEPLETED,FORELAND,8100.0,DEVONIAN,CHERT,130.0,70.0,15.0,5.0
EXTENSION,ONSHORE,OIL,NEARLY DEPLETED,RIFT,12425.0,PALEOGENE,SANDSTONE,755.0,83.0,13.6,11.0
BASEMENT-I/STRIKE-SLIP/TRANSPRESSION,ONSHORE,GAS-CONDENSATE,DECLINING PRODUCTION,BACKARC,9460.0,NEOGENE,LIMESTONE,770.0,500.0,16.0,13.5
COMPRESSION/EROSION,ONSHORE,OIL,PLATEAU PRODUCTION,FORELAND,1900.0,CRETACEOUS,SANDSTONE,58.0,33.0,30.0,2000.0
COMPRESSION,ONSHORE,GAS,NEARLY DEPLETED,FORELAND,10276.0,DEVONIAN,DOLOMITE,178.0,58.0,9.0,360.0
BASEMENT-I/EVAPORITE/SHALE/STRIKE-SLIP/TRANSTENSION,ONSHORE,GAS,DECLINING PRODUCTION,DELTA/WRENCH,9843.0,NEOGENE,THINLY-BEDDED SANDSTONE,115.0,66.0,22.0,200.0
COMPRESSION/EXTENSION/INVERSION,ONSHORE,GAS,MATURE PRODUCTION,FORELAND,4500.0,CARBONIFEROUS,CONGLOMERATE,1100.0,73.0,10.0,3.0
COMPRESSION/EROSION/EXTENSION,ONSHORE,OIL,DECLINING PRODUCTION,FORELAND,5620.0,CRETACEOUS,LOW-RESISTIVITY SANDSTONE,35.0,20.0,24.0,138.0
COMPRESSION/EROSION,ONSHORE,OIL,DECLINING PRODUCTION,FORELAND,3347.0,CRETACEOUS,SANDSTONE,62.5,18.0,26.0,2500.0
COMPRESSION/EVAPORITE/GRAVITY,OFFSHORE,OIL,REJUVENATING,FORELAND/SALT,6755.0,JURASSIC,LIMESTONE,130.0,120.0,25.0,500.0
COMPRESSION/EXTENSION/INVERSION/SHALE,OFFSHORE,OIL,MATURE PRODUCTION,BACKARC,5675.0,NEOGENE,SANDSTONE,500.0,180.0,28.0,1628.0
COMPRESSION/EVAPORITE/EXTENSION/INVERSION,OFFSHORE,OIL,DEVELOPING,PASSIVE/RIFT,3906.344555232106,NEOGENE,SANDSTONE,839.8267351003307,142.60614076909366,28.07857438945799,2083.9067429445995
COMPRESSION/EVAPORITE/EXTENSION,ONSHORE,OIL,DECLINING PRODUCTION,INTRACRATONIC,5575.0,CARBONIFEROUS,DOLOMITE,80.0,46.0,14.0,15.0
EROSION/EXTENSION,OFFSHORE,OIL,UNKNOWN,RIFT,9959.0,JURASSIC,SANDSTONE,180.0,144.0,18.0,200.0
EXTENSION,OFFSHORE,OIL,DEPLETED,RIFT,7044.0,PERMIAN,DOLOMITE,30.0,30.0,13.0,53.0
COMPRESSION,ONSHORE,OIL,PLATEAU PRODUCTION,THRUST,10427.0,PALEOGENE,SANDSTONE,804.0,93.0,14.0,48.0
COMPRESSION/EVAPORITE,OFFSHORE,OIL,DECLINING PRODUCTION,FORELAND,7500.0,JURASSIC,LIMESTONE,270.0,190.0,17.0,50.0
DIAPIR/EVAPORITE/EXTENSION/GRAVITY/SYNSEDIMENTATION,OFFSHORE,OIL,PLATEAU PRODUCTION,DELTA/PASSIVE/SALT,8620.0,NEOGENE,SANDSTONE,400.0,250.0,32.0,800.0
COMPRESSION/EVAPORITE/EXTENSION/GRAVITY/INVERSION,OFFSHORE,OIL,PLATEAU PRODUCTION,FORELAND/INVERSION/RIFT/SALT,7015.834146320702,CRETACEOUS,CHALK,228.23259962028203,207.81915524615573,25.0,11.812135638530963
COMPRESSION/EROSION/EVAPORITE/EXTENSION/INVERSION,OFFSHORE,OIL,DEVELOPING,INVERSION/PASSIVE/RIFT,3892.6697296172547,NEOGENE,SANDSTONE,820.0,134.04515015118582,26.899124719503504,2000.0
EROSION/EXTENSION,OFFSHORE,GAS-CONDENSATE,MATURE PRODUCTION,RIFT,10545.0,TRIASSIC-JURASSIC,SANDSTONE,869.0,512.0,13.5,330.0
COMPRESSION/EVAPORITE,ONSHORE,GAS-CONDENSATE,DEVELOPING,RIFT/SALT,8596.0,PROTEROZOIC,SANDSTONE,172.0,25.0,9.0,152.0
COMPRESSION/EXTENSION/INVERSION,OFFSHORE,GAS-CONDENSATE,DECLINING PRODUCTION,RIFT,14700.0,JURASSIC,SANDSTONE,500.0,150.0,16.0,10.0
BASEMENT-I/COMPRESSION/STRIKE-SLIP/TRANSPRESSION,ONSHORE,OIL,DECLINING PRODUCTION,WRENCH,1000.0,NEOGENE,SANDSTONE,600.0,200.0,35.0,3000.0
COMPRESSION/EVAPORITE/EXTENSION/GRAVITY/INVERSION,OFFSHORE,OIL,UNKNOWN,FORELAND/INVERSION/SALT/SUB-SALT,8305.006837409619,JURASSIC,LIMESTONE,277.49487194278623,254.49397781999,14.999947404541397,38.49928996130886
COMPRESSION/EXTENSION/INVERSION,OFFSHORE,GAS,DEVELOPING,INVERSION/RIFT,5780.0,CRETACEOUS-PALEOGENE,SANDSTONE,380.0,115.0,29.0,1000.0
COMPRESSION/EVAPORITE/GRAVITY,OFFSHORE,OIL,REJUVENATING,FORELAND/SALT,6724.491273632822,JURASSIC,LIMESTONE,113.77195406001181,98.90354027801534,25.0,532.4560918799764
EROSION/EVAPORITE/EXTENSION/GRAVITY,OFFSHORE,OIL,PLATEAU PRODUCTION,RIFT/SUB-SALT,5673.691993386378,JURASSIC,SANDSTONE,197.1532822520324,176.30716538304668,28.35898052183571,1467.9490260917855
COMPRESSION/EROSION,ONSHORE,OIL,NEARLY DEPLETED,FORELAND,15460.0,CRETACEOUS,SANDSTONE,270.0,35.0,12.8,79.0
COMPRESSION/EVAPORITE,ONSHORE,OIL,MATURE PRODUCTION,FORELAND/INVERSION/SALT,2433.0,CRETACEOUS,CHALKY LIMESTONE,1324.0,439.0,19.0,2.6
COMPRESSION/EROSION,ONSHORE,GAS,DECLINING PRODUCTION,FORELAND,7000.0,CRETACEOUS,SANDSTONE,1100.0,90.0,13.0,0.1
COMPRESSION/EROSION,ONSHORE,OIL,MATURE PRODUCTION,FORELAND,4030.0,CARBONIFEROUS,LIMESTONE,265.0,14.0,15.0,10.0
COMPRESSION,ONSHORE,GAS,DECLINING PRODUCTION,INTRACRATONIC,3514.0,CRETACEOUS,SANDSTONE,700.0,440.0,30.0,330.0
COMPRESSION/EVAPORITE,ONSHORE,OIL,REJUVENATING,FORELAND,6050.0,JURASSIC,LIMESTONE,250.0,184.0,21.0,410.0
EVAPORITE/EXTENSION/GRAVITY,OFFSHORE,GAS-CONDENSATE,DECLINING PRODUCTION,RIFT,8008.0,PALEOGENE,SANDSTONE,85.0,50.0,22.0,27.0
COMPRESSION/EVAPORITE/EXTENSION/GRAVITY/INVERSION,OFFSHORE,OIL,SECOND PLATEAU PRODUTION,INVERSION/RIFT/SALT,9336.669255170844,CRETACEOUS-PALEOGENE,CHALK,813.58005517253,557.9002758626502,28.46903034489153,1.2111024827638524
COMPRESSION/SHALE,ONSHORE,GAS,MATURE PRODUCTION,THRUST,15420.0,TRIASSIC,DOLOMITE,2953.0,984.0,3.8,2.0
COMPRESSION/EVAPORITE/GRAVITY,OFFSHORE,OIL,UNKNOWN,FORELAND/SALT,8435.0,JURASSIC,LIMESTONE,180.0,140.0,14.0,25.0
EXTENSION/GRAVITY/SHALE/SYNSEDIMENTATION,ONSHORE,GAS,MATURE PRODUCTION,DELTA/PASSIVE,9400.0,PALEOGENE,SANDSTONE,300.0,140.0,16.0,0.6
COMPRESSION/EVAPORITE/EXTENSION/GRAVITY/INVERSION,OFFSHORE,GAS,DECLINING PRODUCTION,INVERSION/RIFT/SUB-SALT,7468.42503374699,PERMIAN,SANDSTONE,665.0882327607775,543.8936151886476,16.097371973367405,0.8185857483354628
BASEMENT-I/EVAPORITE/SHALE/STRIKE-SLIP/TRANSTENSION,OFFSHORE,GAS-CONDENSATE,DEVELOPING,DELTA/WRENCH,12390.0,NEOGENE,SANDSTONE,328.0,131.0,24.5,390.0
EVAPORITE/EXTENSION/GRAVITY,OFFSHORE,OIL,MATURE PRODUCTION,PASSIVE/RIFT/SALT,9959.97079495514,CRETACEOUS,LIMESTONE,409.55715785164386,193.8443205863626,18.218977217237786,155.47443043094466
EXTENSION,ONSHORE,OIL,NEARLY DEPLETED,RIFT,10531.0,PROTEROZOIC,DOLOMITE,781.0,381.0,3.2,5.45
COMPRESSION,ONSHORE,OIL,PLATEAU PRODUCTION,THRUST,12750.0,PALEOGENE,SANDSTONE,1600.0,850.0,15.0,480.0
COMPRESSION/EROSION/EXTENSION/INVERSION/SHALE,OFFSHORE,OIL,PLATEAU PRODUCTION,BACKARC/RIFT,5686.9635337479285,JURASSIC,SANDSTONE,309.99093459172263,199.00090654082774,28.0,1502.734764286395
DIAPIR/EROSION/EVAPORITE/EXTENSION/GRAVITY/SYNSEDIMENTATION,OFFSHORE,OIL,PLATEAU PRODUCTION,DELTA/PASSIVE/RIFT/SALT,8581.775826392362,NEOGENE,SANDSTONE,405.965622470556,256.40752043133796,28.9067142745265,800.0
EVAPORITE/EXTENSION/GRAVITY,ONSHORE,GAS,REJUVENATING,PASSIVE,5852.0,CRETACEOUS,LIMESTONE,250.0,15.0,18.0,35.0
COMPRESSION/EXTENSION/INVERSION,ONSHORE,OIL,REJUVENATING,RIFT,3136.0,PALEOGENE,SANDSTONE,148.0,13.0,28.0,5000.0
EXTENSION,OFFSHORE,OIL,NEARLY DEPLETED,RIFT,7970.0,JURASSIC,SANDSTONE,475.0,380.0,24.0,1200.0
COMPRESSION,ONSHORE,GAS,NEARLY DEPLETED,FORELAND,12068.0,DEVONIAN,DOLOMITE,900.0,535.0,7.8,11.0
EXTENSION,ONSHORE,OIL,NEARLY DEPLETED,RIFT,9327.0,PROTEROZOIC,DOLOMITE,1306.0,177.0,1.3,1.2
COMPRESSION,ONSHORE,OIL,REJUVENATING,FORELAND,2600.0,PERMIAN,SILTSTONE,300.0,100.0,11.0,16.0
EXTENSION,ONSHORE,OIL,NEARLY DEPLETED,INTRACRATONIC,1975.0,CRETACEOUS,SANDSTONE,20.0,7.0,27.0,1000.0
COMPRESSION/EVAPORITE/EXTENSION/INVERSION,OFFSHORE,OIL,PLATEAU PRODUCTION,INVERSION/RIFT/SALT,5560.0,CRETACEOUS-PALEOGENE,CHALK,500.0,160.0,28.0,1.75
COMPRESSION/EXTENSION/INVERSION,OFFSHORE,OIL,NEARLY DEPLETED,RIFT,9790.0,JURASSIC,SANDSTONE,886.0,344.0,17.0,500.0
EVAPORITE/EXTENSION/INVERSION,OFFSHORE,OIL,MATURE PRODUCTION,RIFT/SUB-SALT,10700.0,PALEOZOIC,SANDSTONE,1300.0,750.0,15.0,100.0
EXTENSION,OFFSHORE,GAS-CONDENSATE,DECLINING PRODUCTION,RIFT,11350.0,CRETACEOUS,SANDSTONE,275.0,120.0,15.0,40.0
COMPRESSION/EROSION/EVAPORITE/EXTENSION/GRAVITY,ONSHORE,GAS-CONDENSATE,DEVELOPING,FORELAND/SALT,14600.0,CAMBRIAN-ORDOVICIAN,SANDSTONE,700.0,450.0,9.0,7.0
BASEMENT-I/COMPRESSION/STRIKE-SLIP/TRANSPRESSION,ONSHORE,OIL,PLATEAU PRODUCTION,THRUST/WRENCH,600.0,NEOGENE,DIATOMITE,1000.0,900.0,55.0,1.5
EXTENSION,OFFSHORE,OIL,DECLINING PRODUCTION,RIFT,7096.0,TRIASSIC-JURASSIC,SANDSTONE,312.0,82.0,24.0,1500.0
COMPRESSION/EXTENSION/INVERSION,ONSHORE,OIL,DEVELOPING,INVERSION/RIFT,5052.0,PROTEROZOIC-CAMBRIAN,DOLOMITE,46.0,33.0,11.0,83.0
DIAPIR/EVAPORITE/EXTENSION/GRAVITY/SYNSEDIMENTATION,OFFSHORE,OIL,DECLINING PRODUCTION,DELTA/PASSIVE/RIFT/SALT,8048.662832901036,NEOGENE,SANDSTONE,463.7624524427091,207.69093745487334,24.0,975.2490488541825
COMPRESSION/EXTENSION/INVERSION,OFFSHORE,OIL,DECLINING PRODUCTION,PASSIVE/RIFT,1657.0,CRETACEOUS,LOW-RESISTIVITY SANDSTONE,164.0,98.0,32.0,7500.0
BASEMENT-I/COMPRESSION/REACTIVATION/SHALE,ONSHORE,OIL,DECLINING PRODUCTION,FORELAND/THRUST,9088.0,NEOGENE,SANDSTONE,1800.0,160.0,20.0,125.0
DIAPIR/EVAPORITE/EXTENSION/GRAVITY,ONSHORE,OIL,NEARLY DEPLETED,PASSIVE/SALT,10000.0,CRETACEOUS,LIMESTONE,150.0,70.0,11.0,25.0
COMPRESSION/EVAPORITE/EXTENSION/GRAVITY/INVERSION,OFFSHORE,OIL,DECLINING PRODUCTION,INVERSION/RIFT/SALT,7618.740087109149,PALEOGENE,SANDSTONE,513.6765035158854,386.26082539044137,26.71889257806095,111.31061796959548
EXTENSION,ONSHORE,OIL,MATURE PRODUCTION,PASSIVE,11364.0,CRETACEOUS,LIMESTONE,80.0,17.0,15.0,90.0
BASEMENT-I/COMPRESSION/STRIKE-SLIP,ONSHORE,OIL,NEARLY DEPLETED,FORELAND/WRENCH,3044.0,NEOGENE,LIMESTONE,561.0,123.0,21.0,38.0
COMPRESSION,ONSHORE,OIL,NEARLY DEPLETED,FORELAND,7975.0,CRETACEOUS,SANDSTONE,300.0,7.0,11.0,20.0
COMPRESSION/EROSION/EXTENSION/INVERSION,ONSHORE,GAS,UNDEVELOPED,DELTA/PASSIVE,7382.0,PALEOGENE,SANDSTONE,1970.0,427.0,17.0,150.0
COMPRESSION/EROSION/EVAPORITE/EXTENSION/INVERSION,OFFSHORE,GAS-CONDENSATE,MATURE PRODUCTION,INVERSION/RIFT/SALT,10642.420238441327,TRIASSIC-JURASSIC,SANDSTONE,644.297037966988,445.91089351970237,14.968646810673281,315.31353189326717
COMPRESSION/EVAPORITE/EXTENSION/LINKED,ONSHORE,GAS,UNDEVELOPED,FORELAND,3390.0,JURASSIC,SANDSTONE,100.0,71.0,20.0,566.0
EXTENSION,ONSHORE,OIL,DECLINING PRODUCTION,RIFT,8750.0,PALEOGENE,SANDSTONE,1230.0,125.0,15.6,83.0
EVAPORITE/EXTENSION/GRAVITY,OFFSHORE,GAS-CONDENSATE,ABANDONED,INVERSION/RIFT/SALT,9620.087665833475,CRETACEOUS-PALEOGENE,CHALK,653.0823253820569,545.0941279817287,20.081764533637855,0.783647093272429
COMPRESSION/EVAPORITE,ONSHORE,OIL,PLATEAU PRODUCTION,FORELAND/INVERSION,480.0,DEVONIAN,SANDSTONE,100.0,56.0,21.0,1000.0
COMPRESSION,ONSHORE,OIL,MATURE PRODUCTION,FORELAND,5500.0,DEVONIAN,SANDSTONE,100.0,14.0,13.5,250.0
EXTENSION,ONSHORE,GAS-CONDENSATE,DECLINING PRODUCTION,RIFT,11200.0,CRETACEOUS,SANDSTONE,1378.0,446.0,14.0,340.0
COMPRESSION/EVAPORITE,ONSHORE,OIL,PLATEAU PRODUCTION,THRUST,3691.0,CRETACEOUS,LIMESTONE,175.0,115.0,14.0,10.0
COMPRESSION/EROSION/EXTENSION/INVERSION,OFFSHORE,OIL,MATURE PRODUCTION,INVERSION/RIFT,7175.0,PALEOGENE,SANDSTONE,505.0,120.0,20.0,1600.0
COMPRESSION,ONSHORE,OIL,DECLINING PRODUCTION,FORELAND,7863.0,CRETACEOUS,SANDSTONE,40.0,15.0,13.0,20.0
EXTENSION,OFFSHORE,GAS,PLATEAU PRODUCTION,RIFT,11288.80706408025,PALEOGENE,SANDSTONE,589.3787082877084,263.80339941140915,13.225404858327291,224.3437194582426
COMPRESSION/EXTENSION/INVERSION,OFFSHORE,OIL,MATURE PRODUCTION,BACKARC,2310.0,NEOGENE,LOW-RESISTIVITY SANDSTONE,1197.0,263.0,26.0,300.0
DIAPIR/EVAPORITE/EXTENSION/GRAVITY/SYNSEDIMENTATION,OFFSHORE,OIL,DECLINING PRODUCTION,DELTA/PASSIVE/SALT,8075.0,NEOGENE,SANDSTONE,460.0,150.0,24.0,900.0
COMPRESSION/EXTENSION,OFFSHORE,CARBON DIOXIDE,UNDEVELOPED,BACKARC,8218.0,NEOGENE,LIMESTONE,5335.0,2976.0,15.0,100.0
COMPRESSION/EROSION/EXTENSION/LINKED,ONSHORE,OIL,NEARLY DEPLETED,THRUST,1362.0,PALEOGENE,SANDSTONE,180.0,39.0,23.0,619.0
COMPRESSION/EROSION,ONSHORE,OIL,REJUVENATING,FORELAND,4300.0,CRETACEOUS,SANDSTONE,70.0,20.0,20.0,36.0
COMPRESSION/EVAPORITE,ONSHORE,OIL,MATURE PRODUCTION,FORELAND,3150.0,PALEOGENE-NEOGENE,DOLOMITIC LIMESTONE,1600.0,672.0,9.0,1.0
COMPRESSION/EROSION/EXTENSION/GRAVITY/INVERSION/SHALE,OFFSHORE,OIL,DECLINING PRODUCTION,DELTA/INVERSION/PASSIVE/RIFT,7956.548842046043,NEOGENE,SANDSTONE,72.65092004118468,56.92804170956737,27.261008884312815,1926.1008884312814
COMPRESSION/DIAPIR/EVAPORITE/EXTENSION/GRAVITY/INVERSION/SYNSEDIMENTATION,OFFSHORE,OIL,NEARLY DEPLETED,DELTA/PASSIVE/RIFT/SALT,9816.249924848413,JURASSIC,SANDSTONE,823.4376791112833,292.1563984243851,20.062491232314805,500.0
EVAPORITE/EXTENSION/GRAVITY,OFFSHORE,OIL,DECLINING PRODUCTION,PASSIVE/SALT,5781.0,CRETACEOUS,LIMESTONE,650.0,280.0,25.0,800.0
EVAPORITE/EXTENSION/GRAVITY,ONSHORE,OIL,DECLINING PRODUCTION,PASSIVE,7940.0,CRETACEOUS,SANDSTONE,300.0,24.0,9.3,0.55
COMPRESSION/EXTENSION/INVERSION,OFFSHORE,OIL,MATURE PRODUCTION,INVERSION/RIFT,2350.0,PALEOGENE,SANDSTONE,1500.0,31.0,21.0,85.0
COMPRESSION/EROSION/EXTENSION/INVERSION,OFFSHORE,OIL,MATURE PRODUCTION,INVERSION/RIFT,7168.434113082182,PALEOGENE,SANDSTONE,488.95928892229375,116.84172528003711,20.33244997052241,1591.6887507369397
EROSION/EXTENSION/GRAVITY/SHALE,OFFSHORE,OIL,DECLINING PRODUCTION,DELTA/PASSIVE/RIFT,10021.48849320866,JURASSIC,SANDSTONE,98.28000408815593,59.49411884945763,18.505881150542372,2949.4118849457627
COMPRESSION/EXTENSION/GRAVITY/INVERSION/SHALE/SYNSEDIMENTATION,OFFSHORE,OIL,MATURE PRODUCTION,DELTA/FORELAND/INVERSION/RIFT,2080.9955291059573,PALEOGENE-NEOGENE,SANDSTONE,6143.200843781342,302.034785154184,23.0,205.58472743843873
COMPRESSION/EROSION/EVAPORITE/EXTENSION/GRAVITY/INVERSION,OFFSHORE,OIL,MATURE PRODUCTION,INVERSION/RIFT/SALT,10778.014539280426,JURASSIC,SANDSTONE,465.9143111459056,318.9889021861229,16.383511851779364,393.1905185765093
COMPRESSION/EXTENSION/INVERSION/STRIKE-SLIP,OFFSHORE,GAS-CONDENSATE,PLATEAU PRODUCTION,BACKARC/INVERSION/WRENCH,3020.0,NEOGENE,SANDSTONE,3400.0,120.0,22.0,160.0
COMPRESSION,ONSHORE,OIL,DECLINING PRODUCTION,FORELAND,6125.0,TRIASSIC,SANDSTONE,80.0,22.0,10.2,60.0
COMPRESSION/EROSION/EVAPORITE/EXTENSION/INVERSION,OFFSHORE,OIL,ABANDONED,INVERSION/RIFT/SALT,10622.620906716507,JURASSIC,SANDSTONE,410.0,267.8142402883653,17.33136365262666,189.15151298311196
COMPRESSION/EXTENSION/GRAVITY/INVERSION/SHALE/SYNSEDIMENTATION,OFFSHORE,OIL,DECLINING PRODUCTION,BACKARC/DELTA/FORELAND/INVERSION,724.1886354201679,NEOGENE,SANDSTONE,5458.104005912616,433.94038194495187,24.321192361100962,415.14904513762036
COMPRESSION/EVAPORITE/EXTENSION/GRAVITY,OFFSHORE,OIL,DEPLETED,FORELAND/RIFT/SALT,7031.915001400311,PERMIAN,DOLOMITE,43.36321960542536,42.782210057363386,14.394422915348732,50.32735607891493
COMPRESSION/EROSION/EVAPORITE/EXTENSION/INVERSION,OFFSHORE,GAS,UNDEVELOPED,PASSIVE/RIFT/SUB-SALT,10468.030147916244,TRIASSIC,SANDSTONE,1879.9246302093893,465.8369311973992,15.579924630209389,447.9547781256336
COMPRESSION/EVAPORITE/EXTENSION/INVERSION,OFFSHORE,OIL,PLATEAU PRODUCTION,INVERSION/RIFT,7648.0,CRETACEOUS,CHALK,480.0,410.0,35.0,2.0
COMPRESSION/EVAPORITE/EXTENSION/INVERSION,OFFSHORE,OIL,SECOND PLATEAU PRODUTION,INVERSION/RIFT/SALT,9250.0,CRETACEOUS-PALEOGENE,CHALK,820.0,590.0,32.0,1.5
EVAPORITE/EXTENSION,OFFSHORE,OIL,DECLINING PRODUCTION,RIFT/SUB-SALT,7090.0,NEOGENE,SANDSTONE,1300.0,500.0,18.0,400.0
COMPRESSION/EXTENSION/GRAVITY/INVERSION/SHALE/SYNSEDIMENTATION,OFFSHORE,OIL,DECLINING PRODUCTION,BACKARC/DELTA/FORELAND/INVERSION,557.10934967359,NEOGENE,SANDSTONE,4988.586998575494,409.7259927063174,24.805480145873652,475.68501823420655
COMPRESSION,ONSHORE,OIL,UNKNOWN,FORELAND,9306.0,DEVONIAN,DOLOMITE,233.0,167.0,11.8,1407.0
COMPRESSION/EVAPORITE/EXTENSION/GRAVITY,OFFSHORE,OIL,PLATEAU PRODUCTION,FORELAND/RIFT/SALT,6953.04441240492,CRETACEOUS,LIMESTONE,130.57589012917458,126.20302534094962,23.494875491739958,32.88482197416508
COMPRESSION,ONSHORE,OIL,MATURE PRODUCTION,FORELAND/SUB-THRUST,3000.0,CARBONIFEROUS,DOLOMITE,450.0,296.0,8.2,7.0
COMPRESSION/EVAPORITE/EXTENSION/GRAVITY/INVERSION,OFFSHORE,OIL,PLATEAU PRODUCTION,INVERSION/RIFT/SALT,7627.237401890263,CRETACEOUS,CHALK,503.8965751829052,393.15487323172255,29.123792987810194,79.56593256090544
COMPRESSION/EROSION/EXTENSION/LINKED,ONSHORE,OIL,REJUVENATING,FORELAND/THRUST,1613.0,NEOGENE,SANDSTONE,1600.0,230.0,20.0,450.0
COMPRESSION/EXTENSION/LINKED,ONSHORE,OIL,MATURE PRODUCTION,FORELAND,5880.0,PERMIAN,DOLOMITE,100.0,65.0,15.0,2.6
COMPRESSION/EROSION,ONSHORE,OIL,NEARLY DEPLETED,FORELAND,2950.0,CRETACEOUS,LOW-RESISTIVITY SANDSTONE,70.0,4.0,25.0,170.0
COMPRESSION/EVAPORITE/EXTENSION/GRAVITY/INVERSION/SYNSEDIMENTATION,OFFSHORE,GAS,PLATEAU PRODUCTION,PASSIVE/RIFT/SALT,13931.049417421913,NEOGENE,SANDSTONE,154.42456171196585,104.76761278952432,25.951125186304647,757.2390367170581
EVAPORITE/EXTENSION/GRAVITY,OFFSHORE,OIL,MATURE PRODUCTION,PASSIVE/SALT,9967.0,CRETACEOUS,LIMESTONE,427.0,160.0,19.0,175.0
EROSION/EXTENSION,OFFSHORE,OIL,DECLINING PRODUCTION,RIFT,9200.0,JURASSIC,SANDSTONE,500.0,425.0,17.0,350.0
COMPRESSION/EXTENSION/INVERSION,OFFSHORE,GAS,DEVELOPING,RIFT,9967.0,CRETACEOUS,LIMESTONE,85.0,75.0,14.0,5.0
EXTENSION,ONSHORE,OIL,MATURE PRODUCTION,INTRACRATONIC,5990.0,JURASSIC,LIMESTONE,75.0,60.0,14.0,10.0
EVAPORITE/EXTENSION/GRAVITY/SYNSEDIMENTATION,OFFSHORE,OIL,PLATEAU PRODUCTION,PASSIVE,2958.8498347980485,CRETACEOUS,SANDSTONE,503.0750826009758,163.26877065024394,24.530750826009758,765.375413004879
COMPRESSION/EXTENSION/INVERSION,OFFSHORE,OIL,NEARLY DEPLETED,FOREARC/INVERSION/RIFT,8781.880697676163,PALEOGENE,CONGLOMERATE,497.2865555916055,288.3438632403937,10.990643295143467,124.01754599006408
COMPRESSION/EROSION/EXTENSION/INVERSION,OFFSHORE,GAS,UNDEVELOPED,PASSIVE/RIFT,10300.0,TRIASSIC,SANDSTONE,2300.0,260.0,16.0,700.0
COMPRESSION,ONSHORE,OIL,DECLINING PRODUCTION,FORELAND,3776.0,JURASSIC,SANDSTONE,984.0,24.0,16.0,72.0
EVAPORITE/EXTENSION/GRAVITY,ONSHORE,OIL,UNKNOWN,RIFT/SALT,2973.0,CARBONIFEROUS-PERMIAN,SANDSTONE,250.0,100.0,25.0,500.0
BASEMENT-I/COMPRESSION/EVAPORITE/GRAVITY/STRIKE-SLIP,OFFSHORE,OIL,DECLINING PRODUCTION,FORELAND/SALT/WRENCH,6959.122359303117,NEOGENE,SANDSTONE,71.67932591339498,47.51573363521947,25.0,416.68475130484995
BASEMENT-I/COMPRESSION/EVAPORITE/GRAVITY/STRIKE-SLIP,OFFSHORE,OIL,DECLINING PRODUCTION,FORELAND/SALT/WRENCH,6938.79991246453,NEOGENE,SANDSTONE,77.48573929584846,54.73227598198309,25.0,424.9796275654978
COMPRESSION,ONSHORE,OIL,NEARLY DEPLETED,FORELAND,5400.0,CRETACEOUS,SANDSTONE,300.0,2.12,12.0,7.0
COMPRESSION/EROSION/EVAPORITE/EXTENSION,ONSHORE,OIL,DECLINING PRODUCTION,SUB-SALT,9022.0,TRIASSIC,SANDSTONE,353.0,190.0,17.0,500.0
BASEMENT-I/COMPRESSION/EXTENSION/INVERSION/STRIKE-SLIP/TRANSPRESSION,OFFSHORE,OIL,DEVELOPING,BACKARC/INVERSION/WRENCH,3494.8149716212283,NEOGENE,SANDSTONE,2507.347853352091,214.9629943242456,20.100740113515087,50.79255652711754
BASEMENT-I/COMPRESSION/EXTENSION/INVERSION/STRIKE-SLIP/TRANSPRESSION,OFFSHORE,OIL,DEVELOPING,BACKARC/INVERSION/WRENCH,3468.568320653281,NEOGENE,SANDSTONE,2556.691557171832,209.71366413065618,20.205726717386877,56.829286249745394
EROSION/EXTENSION/GRAVITY/SHALE/SYNSEDIMENTATION,OFFSHORE,OIL,DECLINING PRODUCTION,DELTA/RIFT/WRENCH,6500.076133731455,NEOGENE,SANDSTONE,266.532530712834,134.97033871545062,23.012985257976833,139.8052211303475
COMPRESSION/EVAPORITE/EXTENSION/GRAVITY/INVERSION,OFFSHORE,GAS,DECLINING PRODUCTION,INVERSION/SUB-SALT,8175.0,PERMIAN,SANDSTONE,375.0,369.0,16.0,52.0
TRANSPRESSION/UPLIFT,ONSHORE,GAS,DECLINING PRODUCTION,PASSIVE,5627.0,JURASSIC,SANDSTONE,900.0,23.0,20.0,95.0
COMPRESSION/EVAPORITE/EXTENSION/GRAVITY/INVERSION,OFFSHORE,OIL,DEVELOPING,RIFT,8094.859363788062,CRETACEOUS,SANDSTONE,113.32370558306364,40.55876480564545,15.391135363951818,29.832370558306366
COMPRESSION/EROSION/EXTENSION,ONSHORE,OIL,REJUVENATING,INTRACRATONIC,8200.0,CAMBRIAN,SANDSTONE,1800.0,902.0,9.0,5.0
EXTENSION/GRAVITY/SHALE,OFFSHORE,OIL,DECLINING PRODUCTION,DELTA/PASSIVE,7985.0,NEOGENE,SANDSTONE,66.0,50.0,28.0,2000.0
COMPRESSION/EXTENSION/GRAVITY/INVERSION/SHALE/SYNSEDIMENTATION,OFFSHORE,OIL,DECLINING PRODUCTION,BACKARC/DELTA/FORELAND/INVERSION,936.5501567294133,NEOGENE,SANDSTONE,6054.870657823671,464.71741401875556,23.70565171962489,338.2064649531111
DIAPIR/EVAPORITE/EXTENSION/GRAVITY/SYNSEDIMENTATION,OFFSHORE,OIL,MATURE PRODUCTION,DELTA/PASSIVE/SALT,9948.763167459414,CRETACEOUS,LIMESTONE,482.35038648282966,143.04294518156087,22.839333166439054,278.981939924391
COMPRESSION/EXTENSION/INVERSION,OFFSHORE,OIL,MATURE PRODUCTION,FOREARC/INVERSION/RIFT,8976.692756612563,JURASSIC,SANDSTONE,216.2144307579921,116.79294566953308,10.021429071579282,22.250052515824706
COMPRESSION,ONSHORE,OIL,MATURE PRODUCTION,FORELAND,6367.0,CRETACEOUS,SANDSTONE,110.0,17.0,14.0,4.3
BASEMENT-I/STRIKE-SLIP/TRANSPRESSION,OFFSHORE,GAS-CONDENSATE,UNDEVELOPED,INVERSION/WRENCH,6794.0,NEOGENE,SANDSTONE,290.0,148.0,23.0,100.0
EVAPORITE/EXTENSION/GRAVITY,OFFSHORE,GAS-CONDENSATE,ABANDONED,INVERSION/RIFT/SALT,9629.0,CRETACEOUS-PALEOGENE,CHALK,640.0,550.0,20.0,0.8
COMPRESSION/EROSION,ONSHORE-OFFSHORE,OIL,MATURE PRODUCTION,WRENCH/FORELAND,1400.0,NEOGENE,SANDSTONE,500.0,120.0,35.0,1200.0
COMPRESSION/EROSION,ONSHORE-OFFSHORE,OIL,NEARLY DEPLETED,FORELAND,6550.0,CRETACEOUS,DOLOMITE,1300.0,200.0,11.0,10.0
STRIKE-SLIP/TRANSPRESSION/BASEMENT-I,ONSHORE-OFFSHORE,OIL,NEARLY DEPLETED,WRENCH,2326.0,NEOGENE,THINLY-BEDDED SANDSTONE,700.0,375.0,28.0,400.0
STRIKE-SLIP/TRANSPRESSION/BASEMENT-I,ONSHORE-OFFSHORE,OIL,NEARLY DEPLETED,WRENCH,1726.0,NEOGENE,THINLY-BEDDED SANDSTONE,660.0,152.0,34.0,2300.0
INVERSION/COMPRESSION/EXTENSION,ONSHORE-OFFSHORE,OIL,DECLINING PRODUCTION,RIFT/INVERSION,4954.0,TRIASSIC,SANDSTONE,525.0,150.0,18.0,100.0
